0,"RT @waterloosuze: Anything from Walensky is to be taken with grain of salt 

EXCLUSIVE: CDC Claims Link Between Heart Inflammation and COVI‚Ä¶",0,14,2022-08-03 17:00:27+00:00
1,RT @B52Malmet: Missouri Republicans said no to creepy Greitens but yes to AG Schmitt as a candidate for Senate. Schmitt attempted to get th‚Ä¶,0,250,2022-08-03 17:00:27+00:00
2,RT @FoodEthicist: @Jacob_Rees_Mogg Can you look into a Cornish company with two employees being handed a ¬£70 billion Net Zero contract by t‚Ä¶,0,22,2022-08-03 17:00:26+00:00
3,"Join #CovidRoundsCA on 8/9 to hear about the state of COVID-19 in California, including variants, treatments &amp; vaccine epidemiology. Also, learn about pediatric vaccines and new vaccine technology.
 
Registration is free: https://t.co/mwYIsBrGqb https://t.co/VBRhe8MPmX",0,0,2022-08-03 17:00:26+00:00
4,Dolly Parton‚Äôs $1 million donation to Vanderbilt University Medical Center in 2020 received plenty of attention once it yielded the Moderna COVID-19 vaccine. https://t.co/joKEeFlvXi,0,0,2022-08-03 17:00:26+00:00
5,RT @PaulMitchell_AB: When the pharmaceutical industry develops a modified booster which purportedly has improved performance against varian‚Ä¶,0,315,2022-08-03 17:00:25+00:00
6,"RT @nefj94: Taiwan is a country üáπüáº
Covid 19 made in china .",0,20877,2022-08-03 17:00:25+00:00
7,"RT @BNNBreaking: JUST IN: Novavax's COVID-19 vaccine should be listed a warning of the possibility of two types of heart inflammation, myoc‚Ä¶",0,7,2022-08-03 17:00:24+00:00
8,"RT @nefj94: Taiwan is a country üáπüáº
Covid 19 made in china .",0,20877,2022-08-03 17:00:23+00:00
9,"RT @MadiBoity: Greetings President @CyrilRamaphosa,

You deployed the army to ground South Africans in their home because of Covid-19, and‚Ä¶",0,41,2022-08-03 17:00:22+00:00
10,"RT @Covid19Place: Malaysia: Wed, 03 Aug - Covid19 Update
https://t.co/BqoMIR4Dne
LIVE WORLD UPDATES!
@Khairykj @DGHisham @KKMPutrajaya @JPe‚Ä¶",0,26,2022-08-03 17:00:22+00:00
11,"RT @mattbc: .@HHSGov has released two documents on #LongCovid

Services and Supports for Longer-Term Impacts of COVID-19 Report: https://t.‚Ä¶",0,4,2022-08-03 17:00:21+00:00
12,"RT @nefj94: Taiwan is a country üáπüáº
Covid 19 made in china .",0,20877,2022-08-03 17:00:21+00:00
13,RT @RobertKennedyJr: More than 130 U.S. Coast Guard members filed a class action lawsuit alleging the religious exemptions they filed in re‚Ä¶,0,155,2022-08-03 17:00:20+00:00
14,"3,166 active COVID-19 cases statewide, six deaths reported https://t.co/2aiMPWZUZx",0,0,2022-08-03 17:00:20+00:00
15,"The Governor thanked workers in the State for displaying maturity in resolving issues, stressing that the challenges faced by this government since the outbreak of the COVID-19 pandemic have been enormous. https://t.co/PqDbKah45i",0,0,2022-08-03 17:00:18+00:00
16,"RT @soundsproject_: Not only the promoters, but the venue also affected by covid-19 pandemic, via Musicverse Live Road To The Sounds Projec‚Ä¶",0,121,2022-08-03 17:00:18+00:00
17,"RT @lesleymacniven: @BylinesScotland launch üöÄ today includes a *new* piece written by me 

Pl follow Scotland‚Äôs new independent media platf‚Ä¶",0,24,2022-08-03 17:00:17+00:00
18,"Jamaica‚Äôs COVID-19 positivity rate is at 24.3%.

That‚Äôs according to the latest update from  the Ministry of Health and Wellness.

The positivity rate follows the confirmation of 67 new cases.

https://t.co/RmS6UYY0Xl",0,0,2022-08-03 17:00:15+00:00
19,"Paine Field was Snohomish County‚Äôs most popular tourist destination ‚Äî was. Then the COVID-19 pandemic struck, @JanicePods¬†reports. 

https://t.co/kggkD77e3a",0,0,2022-08-03 17:00:15+00:00
20,"Let's not repeat the same mistakes. Just like Ebola and MERS, naming a virus by its place of origin stokes xenophobia and hate against anyone who ‚Äúlooks like‚Äù they are from that place. Call it COVID-19. https://t.co/3Cl5PcK5hs @tingclairey https://t.co/r7gfgKv1fC",0,0,2022-08-03 17:00:15+00:00
21,"New statistics show that police-reported extortion cases in Canada rose by nearly 300 per cent in the last decade, as the crime swelled online during the COVID-19 pandemic.  https://t.co/2VaGa2Bq8R",0,0,2022-08-03 17:00:15+00:00
22,Commission signs joint procurement contract with HIPRA for COVID-19 vaccines https://t.co/AxTtFzYiBV #Business https://t.co/eQQT8822Zi #news 969,0,0,2022-08-03 17:00:14+00:00
23,RT @RandPaul: Today at 2:30PM I'll be holding an important hearing on gain-of-function research. Don't miss it! https://t.co/XUVJeS4mrk,0,773,2022-08-03 17:00:13+00:00
24,"Our freight services remain unaffected, with strict Covid-19 protocols in place. For more information, please visit: https://t.co/Ojy10kzebC'",0,0,2022-08-03 17:00:11+00:00
25,RT @RobertKennedyJr: More than 130 U.S. Coast Guard members filed a class action lawsuit alleging the religious exemptions they filed in re‚Ä¶,0,155,2022-08-03 17:00:11+00:00
26,"RT @barcacentre: Just after the outbreak of the COVID-19 pandemic, Bar√ßa applied for a loan from UEFA to get advance money from future Cham‚Ä¶",0,18,2022-08-03 17:00:10+00:00
27,The Corpus Christi - Nueces County Public Health District has COVID-19 vaccination clinics available for adults and children 6 months and up. Find out when you're due for your next vaccination or booster at https://t.co/nfL1lWDUDd. @CityofCC @NuecesCo #COVID19 #vaccine #booster https://t.co/EDSDoktYpa,0,0,2022-08-03 17:00:10+00:00
28,"With the first day of school just around the corner, it‚Äôs a good idea to get your child vaccinated and boosted if eligible to help prevent serious symptoms and spread of #COVID19. 

We are now scheduling vaccinations for kids as young as 6 months old: https://t.co/OjgvMJxXO4 https://t.co/kbU9l9cSJJ",1,0,2022-08-03 17:00:09+00:00
29,RT @RobertKennedyJr: More than 130 U.S. Coast Guard members filed a class action lawsuit alleging the religious exemptions they filed in re‚Ä¶,0,155,2022-08-03 17:00:08+00:00
30,"Tis' the season for coughs, colds, and congestion. Extra added bonus of COVID-19 this year too! Here are some things to know about antibiotics
 
1. Antibiotics do not act against https://t.co/wb6Grwx7pT",0,0,2022-08-03 17:00:08+00:00
31,"Exciting news! The CDC has awarded $22M to the AZ HEROES research study to continue the third year of COVID-19 research @UAZHealth. #stopcovid #covidresearch

Read more: https://t.co/a8sEV551Go https://t.co/UWWltRv51n",0,0,2022-08-03 17:00:07+00:00
32,"This Hungary trip has brought me so much! 
- An amazing vacation with friends
- Seeing another F1 race in person
- Visiting a beautiful city

Last but not least:
- Covid-19 ‚úåÔ∏è 

We got the full travel package :)",0,0,2022-08-03 17:00:06+00:00
33,"Insight on President Biden‚Äôs COVID-19 ‚ÄòRebound Positive‚Äô

UConn Health‚Äôs Dr. David Banach explains how a fully vaccinated and boosted person could test positive, negative, and positive again for COVID-19 within a 10-day span.

https://t.co/D8LlY7yg7i https://t.co/CTMQ6cB39b",0,0,2022-08-03 17:00:06+00:00
34,"""Biden tests positive for COVID-19 again, will continue isolation"" seriously!?!? https://t.co/DhIMnTx0V4 #FoxNews",0,0,2022-08-03 17:00:06+00:00
35,"RT @nefj94: Taiwan is a country üáπüáº
Covid 19 made in china .",0,20877,2022-08-03 17:00:05+00:00
36,RT @FoodEthicist: @Jacob_Rees_Mogg Can you look into a Cornish company with two employees being handed a ¬£70 billion Net Zero contract by t‚Ä¶,0,21,2022-08-03 17:00:05+00:00
37,RT @RandPaul: Today at 2:30PM I'll be holding an important hearing on gain-of-function research. Don't miss it! https://t.co/XUVJeS4mrk,0,773,2022-08-03 17:00:04+00:00
38,COVID-19 Vaccine Patch Fights SARS-CoV-2 Variants Better than Needles :The ongoing SARS-CoV-2 pandemic continues... https://t.co/c1RdC8QWo5 https://t.co/icp7oj1ABY,0,0,2022-08-03 17:00:04+00:00
39,"""The 44th annual Grand Rapids Hispanic Festival is set to take place for the first time since 2020 due to the COVID-19 pandemic and will once more be a space for the community to come together through music, food and dance.""
https://t.co/FBUPzogdyX https://t.co/pag2suQLpW",0,0,2022-08-03 17:00:02+00:00
40,RT @ABC: NEW: Moderna says it's looking into the possibility of creating a new monkeypox vaccine using the same technology behind their COV‚Ä¶,0,31,2022-08-03 17:00:02+00:00
41,"NEW: How do Americans who‚Äôve had COVID-19 describe their experience?

Most Americans describe their first COVID-19 infection as mild (39%) or moderate (44%). The rest ‚Äì 17% ‚Äì describe it as severe.

https://t.co/SWnBtgvX9x https://t.co/lE2upSHRTn",0,0,2022-08-03 17:00:02+00:00
42,Travel to the Caribbean during Covid-19: What you need to know before you go https://t.co/ZK3BzkpGCr https://t.co/3jbHXqnoFq,0,0,2022-08-03 17:00:02+00:00
43,Super Junior's Siwon Tests Positive for COVID-19 üì∞  https://t.co/fpev9fbbGx,0,0,2022-08-03 17:00:01+00:00
44,The Global COVID-19 Neuro Research Coalition presents consensus clinical guidance for the diagnosis and management of #COVID19 #Encephalopathy among adults. https://t.co/HKbbpIIC8x https://t.co/mvme88CMPw,0,0,2022-08-03 17:00:01+00:00
45,An insurer for a company that performs criminal background checks might have to cover financial losses the business sustained when courts closed due to COVID-19 and it could not access records in person. https://t.co/XRH4ZaRr2G @DonnaHiggins4 https://t.co/g9ELP2Xtto,0,0,2022-08-03 17:00:01+00:00
46,Changes in patterns of traumatic brain injury in the Michigan Trauma Quality Improvement Program database early in the COVID-19 pandemic | Coauthors include faculty member Dr. Ann Parr (last author) | https://t.co/4YKnGpm7Hy,0,0,2022-08-03 17:00:01+00:00
47,A U.K. study examining 10 different populations with COVID-19 reveals 5 possible risk factors for #LongCOVID. #TreatLongCOVID #ResearchLongCOVID https://t.co/kV3OALRWL4,0,0,2022-08-03 17:00:01+00:00
48,"Expanded payrolls in Korea? 

The combined workforce of large South Korean companies expanded 1.5 % in the first half of 2022 from 2021 amid eased COVID-19 restrictions, @News1Kr reports.

https://t.co/NMO4IxHcZ3",0,0,2022-08-03 17:00:00+00:00
49,"If you can‚Äôt beat it, control it. NIAID Director director Dr. Anthony Fauci discusses his recent bout with Covid-19, frustration with misinformation, and what lies ahead https://t.co/VaJDncTFp5",0,0,2022-08-03 17:00:00+00:00
50,"In periods of crisis, digital technologies provide a lifeline that keeps people, communities, and businesses functioning. In 2020, 800 million people went online for the first time, and 58 LMICs used digital payments to deliver COVID-19 relief. https://t.co/DTYLvm4QBe",0,0,2022-08-03 17:00:00+00:00
51,"COVID-19 Mobile Vaccination Clinics. No appointment necessary. See flyers for details. 

Vaccine appointments may also be made on MyTurn https://t.co/Q8L9LY4haI or by calling (833) 422-4255 (available in multiple languages) for scheduling support.

Link:
https://t.co/E2MOXvWeUs https://t.co/PKdRJxBtBa",0,0,2022-08-03 17:00:00+00:00
52,RT @RandPaul: Today at 2:30PM I'll be holding an important hearing on gain-of-function research. Don't miss it! https://t.co/XUVJeS4mrk,0,773,2022-08-03 17:00:00+00:00
53,RT @anandbodhTOI: Himachal Pradesh reported 4 deaths and 965 positive cases of Covid-19 on Wednesday while 909 positive patients have also‚Ä¶,0,0,2022-08-03 16:59:59+00:00
54,"RT @TawdeVinod: Regardless of unforeseen circumstances during the COVID 19 pandemic, India emerged stronger &amp;  flourishing than ever by rec‚Ä¶",0,260,2022-08-03 16:59:57+00:00
55,"RT @SriSri: After a thorough process of research &amp; rigorous clinical trials, along with standard of care, at multiple AIIMS &amp; other Governm‚Ä¶",0,551,2022-08-03 16:59:55+00:00
56,"RT @POTUS: As parents, it's our job to protect our children.

These safe and effective vaccines approved for our youngest kids will give pa‚Ä¶",0,1288,2022-08-03 16:59:54+00:00
57,"RT @TeeNaHoo1: Taiwan is part of China ‚ùå
COVID-19 is from China ‚úÖ
#‡πÑ‡∏ï‡πâ‡∏´‡∏ß‡∏±‡∏ô #Taiwan",0,5667,2022-08-03 16:59:54+00:00
58,"RT @barcacentre: Just after the outbreak of the COVID-19 pandemic, Bar√ßa applied for a loan from UEFA to get advance money from future Cham‚Ä¶",0,18,2022-08-03 16:59:53+00:00
59,RT @BarcaUniversal: Barcelona requested a loan from UEFA to get money in advance from future Champions League income after the outbreak of‚Ä¶,0,17,2022-08-03 16:59:53+00:00
60,RT @BarcaUniversal: Barcelona requested a loan from UEFA to get money in advance from future Champions League income after the outbreak of‚Ä¶,0,17,2022-08-03 16:59:52+00:00
61,"RT @CassandraNoCov: US stuck in a 'horrible plateau' of COVID-19 deaths, experts say. 

Here's why.",0,1,2022-08-03 16:59:52+00:00
62,"Summary of recent studies on COVID-19
https://t.co/kO8kYvBdq2",0,0,2022-08-03 16:59:51+00:00
63,RT @B52Malmet: Missouri Republicans said no to creepy Greitens but yes to AG Schmitt as a candidate for Senate. Schmitt attempted to get th‚Ä¶,0,250,2022-08-03 16:59:51+00:00
64,"Wyoming üêÉ COVID-19 current stats for Wed Aug 03 2022

Cases: 170,032
Deaths: 1,857
Recovered: 0
Active: 1,354
Tests: 1,458,455
Doses: 770,927

#covid_wyoming
https://t.co/IrPXgVZWxz https://t.co/QoSibywn1b",0,0,2022-08-03 16:59:49+00:00
65,RT @iowabar: An #Iowa woman who quit her job selling medical respiratory products after refusing to get the COVID-19 vaccine is not entitle‚Ä¶,0,1,2022-08-03 16:59:48+00:00
66,"RT @MLS_Dave: ""The probability of getting COVID-19 for mask wearers was 7%... for non-mask wearers, probability was 52%.""

P.S. While this‚Ä¶",0,94,2022-08-03 16:59:48+00:00
67,RT @RobertKennedyJr: More than 130 U.S. Coast Guard members filed a class action lawsuit alleging the religious exemptions they filed in re‚Ä¶,0,155,2022-08-03 16:59:48+00:00
68,RT @SethAbramson: Just bookmarking this here to help ensure that we remember to blame the avarice of colleges and universities when COVID-1‚Ä¶,0,159,2022-08-03 16:59:47+00:00
69,"RT @zachbussey: Twitchcon updated the Health measures page. 

""In accordance with current local guidelines, there will be no COVID-19 vacci‚Ä¶",0,646,2022-08-03 16:59:47+00:00
70,"RT @TeeNaHoo1: Taiwan is part of China ‚ùå
COVID-19 is from China ‚úÖ
#‡πÑ‡∏ï‡πâ‡∏´‡∏ß‡∏±‡∏ô #Taiwan",0,5667,2022-08-03 16:59:46+00:00
71,"RT @POTUS: Folks, the United States just became the first country in the world to offer safe and effective COVID-19 vaccines for kids as yo‚Ä¶",0,8313,2022-08-03 16:59:46+00:00
72,"RT @TeeNaHoo1: Taiwan is part of China ‚ùå
COVID-19 is from China ‚úÖ
#‡πÑ‡∏ï‡πâ‡∏´‡∏ß‡∏±‡∏ô #Taiwan",0,5667,2022-08-03 16:59:45+00:00
73,RT @FatEmperor: Germany still in it's 1930's mass formation mode - owned by Pharma/WEF:  https://t.co/GGaunC3CWh,0,34,2022-08-03 16:59:45+00:00
74,"RT @stevscaz: LA County and Long Beach offer Novavax, the new COVID-19 vaccine; LA County starts today, Wednesday, Aug. 3 https://t.co/7Xoq‚Ä¶",0,1,2022-08-03 16:59:44+00:00
75,RT @Flash43191300: ‚ö°Ô∏èJoe Biden has tested positive for COVID-19 for the third time since the start of the week. He is suffering from a coug‚Ä¶,0,3,2022-08-03 16:59:43+00:00
76,"An #Iowa woman who quit her job selling medical respiratory products after refusing to get the COVID-19 vaccine is not entitled to unemployment benefits, a judge has ruled. https://t.co/3AUKr5yBnR
#COVID",0,1,2022-08-03 16:59:43+00:00
77,RT @RobertKennedyJr: More than 130 U.S. Coast Guard members filed a class action lawsuit alleging the religious exemptions they filed in re‚Ä¶,0,155,2022-08-03 16:59:37+00:00
78,"RT @Matt_HorwoodWS: If you've experienced menstrual or fertility problems after getting COVID-19 OR the jab, DM or email me. I'll be writin‚Ä¶",0,578,2022-08-03 16:59:37+00:00
79,RT @RobertKennedyJr: More than 130 U.S. Coast Guard members filed a class action lawsuit alleging the religious exemptions they filed in re‚Ä¶,0,155,2022-08-03 16:59:36+00:00
80,RT @anews: The European Medicines Agency (#EMA) is recommending #Novavax's #COVID-19 #vaccine carry a warning of two inflammatory condition‚Ä¶,0,3,2022-08-03 16:59:35+00:00
81,A study shows COVID-19 came from the fish market. Watch the folks pushing lab leak theories move the¬†goalposts https://t.co/pH9wpHgmJC,0,0,2022-08-03 16:59:33+00:00
82,"RT @SriSri: After a thorough process of research &amp; rigorous clinical trials, along with standard of care, at multiple AIIMS &amp; other Governm‚Ä¶",0,551,2022-08-03 16:59:30+00:00
83,"RT @SriSri: After a thorough process of research &amp; rigorous clinical trials, along with standard of care, at multiple AIIMS &amp; other Governm‚Ä¶",0,551,2022-08-03 16:59:26+00:00
84,"Wow imagine if he hadn‚Äôt been üíâüíâüíâüíâüíâüíâ üòÇüòÇü§°ü§°

Biden tests positive for COVID-19 again, will continue isolation https://t.co/cl2CEfYUbQ",1,0,2022-08-03 16:59:26+00:00
85,"RT @nefj94: Taiwan is a country üáπüáº
Covid 19 made in china .",0,20877,2022-08-03 16:59:23+00:00
86,"RT @TheInsiderPaper: JUST IN - Biden remains COVID-19 positive, still experiencing occasional cough, will continue strict isolation: Physic‚Ä¶",0,117,2022-08-03 16:59:22+00:00
87,"RT @FoxNews: BREAKING: Biden tests positive for COVID-19 again, will continue isolation
https://t.co/HPPKVW5y8T",0,25,2022-08-03 16:59:20+00:00
88,RT @LAUSDSup: L.A. schools drop aggressive COVID-19 rules: No more testing for all and masks stay optional https://t.co/Bm4U97LWVv,0,8,2022-08-03 16:59:20+00:00
89,"RT @nefj94: Taiwan is a country üáπüáº
Covid 19 made in china .",0,20877,2022-08-03 16:59:19+00:00
90,RT @RobertKennedyJr: More than 130 U.S. Coast Guard members filed a class action lawsuit alleging the religious exemptions they filed in re‚Ä¶,0,155,2022-08-03 16:59:18+00:00
91,"RT @SriSri: After a thorough process of research &amp; rigorous clinical trials, along with standard of care, at multiple AIIMS &amp; other Governm‚Ä¶",0,551,2022-08-03 16:59:17+00:00
92,RT @Flash43191300: ‚ö°Ô∏èJoe Biden has tested positive for COVID-19 for the third time since the start of the week. He is suffering from a coug‚Ä¶,0,3,2022-08-03 16:59:17+00:00
93,"RT @FoxNews: BREAKING: Biden tests positive for COVID-19 again, will continue isolation
https://t.co/HPPKVW5y8T",0,25,2022-08-03 16:59:17+00:00
94,RT @RobertKennedyJr: More than 130 U.S. Coast Guard members filed a class action lawsuit alleging the religious exemptions they filed in re‚Ä¶,0,155,2022-08-03 16:59:17+00:00
95,"RT @FoxNews: BREAKING: Biden tests positive for COVID-19 again, will continue isolation
https://t.co/HPPKVW5y8T",0,25,2022-08-03 16:59:16+00:00
96,"RT @nefj94: Taiwan is a country üáπüáº
Covid 19 made in china .",0,20877,2022-08-03 16:59:13+00:00
97,RT @JimCassidy48: KC Royals must have a sense of humor. Whit Merrifield refused a COVID-19 vaccine that prevented him from travelling to To‚Ä¶,0,2,2022-08-03 16:59:13+00:00
98,"The cumulative COVID-19 vaccine doses administered in India crossed 205 crore with over 34 lakh jabs being administered on Wednesday till 7 pm, the Union Health Ministry said.
 
https://t.co/L91B6agbxx",2,0,2022-08-03 16:59:12+00:00
99,"RT @FoxNews: BREAKING: Biden tests positive for COVID-19 again, will continue isolation
https://t.co/HPPKVW5y8T",0,25,2022-08-03 16:59:12+00:00
100,RT @RobertKennedyJr: More than 130 U.S. Coast Guard members filed a class action lawsuit alleging the religious exemptions they filed in re‚Ä¶,0,155,2022-08-03 16:59:12+00:00
101,"Biden tests positive for COVID-19 again, will continue isolation

https://t.co/wfu6nlZDM1
Why is he being tested twice a day? One test once a wk should be sufficient‚Ä¶.. #BidenChinaVirus",0,0,2022-08-03 16:59:11+00:00
102,Want to know more about the treatment options for COVID-19? Our blog details medications and when you might need them. Learn more:  https://t.co/46bSPrHsle https://t.co/ARvAzR65Zq,0,0,2022-08-03 16:59:09+00:00
103,"RT @TeeNaHoo1: Taiwan is part of China ‚ùå
COVID-19 is from China ‚úÖ
#‡πÑ‡∏ï‡πâ‡∏´‡∏ß‡∏±‡∏ô #Taiwan",0,5667,2022-08-03 16:59:06+00:00
104,EU provides ‚Ç¨20 million to support Palestinian COVID-19 vaccination campaign https://t.co/bEVAmPm8Ki #PNN #Palestine,0,0,2022-08-03 16:59:05+00:00
105,"RT @FoxNews: BREAKING: Biden tests positive for COVID-19 again, will continue isolation
https://t.co/HPPKVW5y8T",0,25,2022-08-03 16:59:04+00:00
106,RT @gbentley358: Vaxart CSO &amp; CMO Full Update Interview: Oral Covid-19 vaccine benefits far beyond needles: #MedTwitter https://t.co/XZtRRm‚Ä¶,0,1,2022-08-03 16:59:02+00:00
107,"RT @SriSri: After a thorough process of research &amp; rigorous clinical trials, along with standard of care, at multiple AIIMS &amp; other Governm‚Ä¶",0,552,2022-08-03 16:59:02+00:00
108,#VaxFact : COVID-19 can make children very sick. #COVID19 vaccination can help protect children 6 months and older from COVID-19 and its complication. Go to https://t.co/HQpyrMyCbA to book an appointment! https://t.co/UZlpD9COpI,0,0,2022-08-03 16:59:02+00:00
109,"RT @nefj94: Taiwan is a country üáπüáº
Covid 19 made in china .",0,20877,2022-08-03 16:59:01+00:00
110,RT @nypost: NYC frees up $100M in COVID aid for public schools to hire teachers https://t.co/4qLGhCIjqc https://t.co/cyX5eZu0il,0,3,2022-08-03 16:58:59+00:00
111,RT @jblankshain: Article accepted! Now forthcoming at American Politics Research --  War Metaphors (What Are They Good For?): Militarized R‚Ä¶,0,3,2022-08-03 16:58:57+00:00
112,RT @ABetterMN: We‚Äôre at @MNFarmfest and the first #mngov candidate forum of the summer. Scott Jensen was quick to tout his plan to cut fund‚Ä¶,0,2,2022-08-03 16:58:56+00:00
113,"RT @KevinCTV: It's COVID-19 data day in Alberta. At around 3:30 p.m., we'll find out if the post-Stampede spike is continuing. 

Last week,‚Ä¶",0,17,2022-08-03 16:58:56+00:00
114,"RT @POTUS: For parents across the U.S., today is a day of relief. The FDA has authorized the first COVID-19 shots for kids under five.

As‚Ä¶",0,4956,2022-08-03 16:58:56+00:00
115,"RT @FoxNews: BREAKING: Biden tests positive for COVID-19 again, will continue isolation
https://t.co/HPPKVW5y8T",0,25,2022-08-03 16:58:55+00:00
116,"RT @barcacentre: Just after the outbreak of the COVID-19 pandemic, Bar√ßa applied for a loan from UEFA to get advance money from future Cham‚Ä¶",0,18,2022-08-03 16:58:54+00:00
117,"RT @HaveWeAllGoneM1: Major Transportation Vaccine Mandate Wasn‚Äôt Based On Science, Court Records Show

So Canadians missed important family‚Ä¶",0,49,2022-08-03 16:58:53+00:00
118,"RT @nefj94: Taiwan is a country üáπüáº
Covid 19 made in china .",0,20877,2022-08-03 16:58:52+00:00
119,"RT @UnityHealthTO: 'The emergency departments are in a crisis, but we‚Äôre sort of the canary in the coal mine.' Dr. Andrew @petrosoniak emer‚Ä¶",0,5,2022-08-03 16:58:52+00:00
120,"RT @nefj94: Taiwan is a country üáπüáº
Covid 19 made in china .",0,20877,2022-08-03 16:58:52+00:00
121,RT @Jerusalem_Post: The European Medicines Agency (EMA) recommends that Novavax carry a warning of two types of heart inflammation on their‚Ä¶,0,11,2022-08-03 16:58:51+00:00
122,"RT @FoxNews: BREAKING: Biden tests positive for COVID-19 again, will continue isolation
https://t.co/HPPKVW5y8T",0,25,2022-08-03 16:58:48+00:00
123,Pfizer's success in developing COVID-19 medicines has given the drugmaker unusual weight in determining U.S. health policy. https://t.co/o9KmZOT52T,0,0,2022-08-03 16:58:47+00:00
124,"RT @SriSri: After a thorough process of research &amp; rigorous clinical trials, along with standard of care, at multiple AIIMS &amp; other Governm‚Ä¶",0,552,2022-08-03 16:58:47+00:00
125,RT @RobertKennedyJr: More than 130 U.S. Coast Guard members filed a class action lawsuit alleging the religious exemptions they filed in re‚Ä¶,0,155,2022-08-03 16:58:46+00:00
126,"This method achieves higher yields and conversions while displaying better efficiency than previous batch processes! Congratulations to Ashlee, Evan, Chris, and Jianyu for getting this collaboration off the ground and completed despite the initial Covid-19 challenges!",0,0,2022-08-03 16:58:45+00:00
127,"RT @THP_hospital: To those visiting our hospitals, a reminder that masks are required.

Please self-screen for COVID-19 symptoms &amp; avoid vi‚Ä¶",0,5,2022-08-03 16:58:44+00:00
128,"RT @FoxNews: BREAKING: Biden tests positive for COVID-19 again, will continue isolation
https://t.co/HPPKVW5y8T",0,25,2022-08-03 16:58:43+00:00
129,"RT @FoxNews: BREAKING: Biden tests positive for COVID-19 again, will continue isolation
https://t.co/HPPKVW5y8T",0,25,2022-08-03 16:58:42+00:00
130,RT @RobertKennedyJr: More than 130 U.S. Coast Guard members filed a class action lawsuit alleging the religious exemptions they filed in re‚Ä¶,0,155,2022-08-03 16:58:41+00:00
131,"RT @SriSri: After a thorough process of research &amp; rigorous clinical trials, along with standard of care, at multiple AIIMS &amp; other Governm‚Ä¶",0,552,2022-08-03 16:58:40+00:00
132,"#BasementBiden tests positive for COVID-19 again, will continue isolation. This is a democrat dream, use COVID to keep Biden out of the public eye as long as possible. Does anyone know anyone that has had back too back C-19 diagnosis? Yeah, me either ü§î

https://t.co/Ba8ALTxdY8",0,0,2022-08-03 16:58:40+00:00
133,"RT @SriSri: After a thorough process of research &amp; rigorous clinical trials, along with standard of care, at multiple AIIMS &amp; other Governm‚Ä¶",0,552,2022-08-03 16:58:40+00:00
134,"South Dakota üè¥ COVID-19 current stats for Wed Aug 03 2022

Cases: 250,286
Deaths: 2,956
Recovered: 242,940
Active: 4,390
Tests: 2,261,403
Doses: 1,487,132

#covid_south_dakota
https://t.co/9yR5ErLtOR https://t.co/z4bTqxuV12",0,0,2022-08-03 16:58:38+00:00
135,RT @SenSanders: TOMORROW: Join me at 5pm ET for a livestreamed Q&amp;A discussion with the White House‚Äôs COVID-19 Response Coordinator @AshishK‚Ä¶,0,155,2022-08-03 16:58:38+00:00
136,"RT @FoxNews: BREAKING: Biden tests positive for COVID-19 again, will continue isolation
https://t.co/HPPKVW5y8T",0,25,2022-08-03 16:58:37+00:00
137,Louisiana Senate Finance chairman sent to hospital with COVID-19 symptoms ‚Äì Louisiana¬†Illuminator https://t.co/s7LeqlDAO9,0,0,2022-08-03 16:58:36+00:00
138,RT @RobertKennedyJr: More than 130 U.S. Coast Guard members filed a class action lawsuit alleging the religious exemptions they filed in re‚Ä¶,0,155,2022-08-03 16:58:36+00:00
139,RT @Flash43191300: ‚ö°Ô∏èJoe Biden has tested positive for COVID-19 for the third time since the start of the week. He is suffering from a coug‚Ä¶,0,3,2022-08-03 16:58:31+00:00
140,RT @FoodEthicist: @Jacob_Rees_Mogg Can you look into a Cornish company with two employees being handed a ¬£70 billion Net Zero contract by t‚Ä¶,0,22,2022-08-03 16:58:30+00:00
141,"RT @nefj94: Taiwan is a country üáπüáº
Covid 19 made in china .",0,20877,2022-08-03 16:58:30+00:00
142,Vaxart CSO &amp; CMO Full Update Interview: Oral Covid-19 vaccine benefits far beyond needles: #MedTwitter https://t.co/XZtRRmJsaQ,0,1,2022-08-03 16:58:29+00:00
143,@LaymansScience @Chris_F_Carson @CharlesGKerns @gmopundit @ScepticalAussie @JSAHolmes @MackayIM @Sc0ttJenkins @IainMulady @Alex_on_A14 @Tree3Tommy @TomahawkVPhD @rapidgator99 @harryetaylor @Housekeep3r @doritmi @ChrisMasseyFOIs @20manDan @Nemeses667 @AngelosPantone @HouseOfGab @Mary04683675 @immunotoxPhD @ale_battini @crabb_vicki @kevin_kehres @Shared_facts @KStateTurk @moravec_tomas @KindrachukJason @sense_strand @xrptlrsem @DanitaDay19 @JavRoJav @NorthernMarlin @Corax_The_Raven @mcfunny None of those proves that the virus exists. So something was taken from the lungs of someone in Wuhan and voila we have a new SARS type virus. Lets call is SARS-CoV-2. Better still Covid-19  cos we discovered it in 2019.,0,0,2022-08-03 16:58:28+00:00
144,"RT @YALiberty: .@RepThomasMassie calls out Congress for continuing to spread claim that the vaccine prevents the spread of COVID-19:

""I th‚Ä¶",0,1046,2022-08-03 16:58:28+00:00
145,RT @narendramodi: This is an outstanding accomplishment. It indicates the collective resolve of the people of India to embrace new technolo‚Ä¶,0,4626,2022-08-03 16:58:27+00:00
146,"Each month, I send a virtual newsletter out!

It is packed with community memos, events, Provincial government news, COVID-19 updates, and much more!
Subscribe today to stay connected and get the know on what is happening in our community.

SIGN UP HERE:  https://t.co/VW7hqlJLyO https://t.co/MQZjaYRIBt",0,0,2022-08-03 16:58:27+00:00
147,"Unfortunately, after receiving the first and second doses of Pfizer vaccine, I had the same side effects as being infected with COVID-19, such as fever, pain all over the body, joint pain and fatigue.Up to now,BC government has been sending text messages urging me to take the 3rd",0,0,2022-08-03 16:58:26+00:00
148,"RT @SriSri: After a thorough process of research &amp; rigorous clinical trials, along with standard of care, at multiple AIIMS &amp; other Governm‚Ä¶",0,552,2022-08-03 16:58:25+00:00
149,"RT @amscherer: Latest survey results from @HaPPISurveys Collab b/w @IntMedatIowa @UIowaCPH @RANDCorporation @CDCgov 

COVID-19 Vaccination‚Ä¶",0,2,2022-08-03 16:58:25+00:00
150,"The COVID-19 pandemic killed tens of thousands of Canadians, made millions of us sick, and changed the way we live, work, and interact.

https://t.co/dlNHJqY9Q1",0,0,2022-08-03 16:58:24+00:00
151,RT @RobertKennedyJr: More than 130 U.S. Coast Guard members filed a class action lawsuit alleging the religious exemptions they filed in re‚Ä¶,0,155,2022-08-03 16:58:20+00:00
152,@Harvard The Harvard Medical School present awards for participation on Gene Therapy Trials in management of COVID-19. https://t.co/eCREVSZ7hq,0,0,2022-08-03 16:58:16+00:00
153,"RT @headlinehunter_: UPDATE: President Biden remains COVID-19 positive, still experiencing occasional cough, will continue strict isolation‚Ä¶",0,4,2022-08-03 16:58:15+00:00
154,RT @PeterHotez: 1/3 Yet another downside of the ridiculous conspiracies proposed by Sen Paul and colleagues: they distract on what actually‚Ä¶,0,55,2022-08-03 16:58:13+00:00
155,RT @narendramodi: This is an outstanding accomplishment. It indicates the collective resolve of the people of India to embrace new technolo‚Ä¶,0,4626,2022-08-03 16:58:12+00:00
156,RT @CP24: Key voice that helped shape Ontario's response to COVID-19 pandemic steps down https://t.co/odI0DmzjFP https://t.co/r3paYvqrRo,0,17,2022-08-03 16:58:12+00:00
157,RT @barrywbussey: Why am I not surprised that my missing my grandchildren's events over the last yr was not due to science but rather to th‚Ä¶,0,227,2022-08-03 16:58:12+00:00
158,"I know of a man and how wife benefitted N10m from Covid-19 grant. He is busy castibgating Buharinl on SM today. Don't be surprised that some of the beneficiaries of this scheme are somew else on social media shouting ""This is the worst Govt in the history of Nigeria! https://t.co/nbw3RgDdif",0,0,2022-08-03 16:58:09+00:00
159,"RT @alexandrosM: Everybody wants to put up a Ukraine flag in their profile, nobody wants to follow the Ukraine COVID-19 protocol.
https://t‚Ä¶",0,280,2022-08-03 16:58:08+00:00
160,"RT @SriSri: After a thorough process of research &amp; rigorous clinical trials, along with standard of care, at multiple AIIMS &amp; other Governm‚Ä¶",0,552,2022-08-03 16:58:07+00:00
161,"RT @FoxNews: BREAKING: Biden tests positive for COVID-19 again, will continue isolation
https://t.co/HPPKVW5y8T",0,25,2022-08-03 16:58:06+00:00
162,"RT @nycHealthy: Get tested for COVID-19 at one of the City's new #TestToTreat vans. If you test positive and are eligible, you can get free‚Ä¶",0,9,2022-08-03 16:58:04+00:00
163,"@woye1 @sama_on_point I know of a man and how wife benefitted N10m from Covid-19 grant. He is busy castibgating Buharinl on SM today. Don't be surprised that some of the beneficiaries of this scheme are somew else on social media shouting ""This is the worst Govt in the history of Nigeria!",0,0,2022-08-03 16:58:03+00:00
164,"RT @FoxNews: BREAKING: Biden tests positive for COVID-19 again, will continue isolation
https://t.co/HPPKVW5y8T",0,25,2022-08-03 16:58:03+00:00
165,"RT @nefj94: Taiwan is a country üáπüáº
Covid 19 made in china .",0,20877,2022-08-03 16:58:02+00:00
166,"RT @SriSri: After a thorough process of research &amp; rigorous clinical trials, along with standard of care, at multiple AIIMS &amp; other Governm‚Ä¶",0,552,2022-08-03 16:58:02+00:00
167,"RT @VascularOnline: VIDEO: ‚ÄúThere are not enough vascular surgeons to do the work our specialty provides.‚Äù - Jason T. Lee, MD, president of‚Ä¶",0,1,2022-08-03 16:58:02+00:00
168,RT @RobertKennedyJr: More than 130 U.S. Coast Guard members filed a class action lawsuit alleging the religious exemptions they filed in re‚Ä¶,0,155,2022-08-03 16:58:01+00:00
169,RT @dcexaminer: Today's hearing being lead by @RandPaul is an important matter that many Democratic politicians have largely ignored given‚Ä¶,0,84,2022-08-03 16:58:00+00:00
170,"RT @nycHealthy: Get tested for COVID-19 at one of the City's new #TestToTreat vans. If you test positive and are eligible, you can get free‚Ä¶",0,9,2022-08-03 16:57:59+00:00
171,RT @FatEmperor: Germany still in it's 1930's mass formation mode - owned by Pharma/WEF:  https://t.co/GGaunC3CWh,0,35,2022-08-03 16:57:59+00:00
172,RT @anjwaaii: 27.7 story regarding spreading covid https://t.co/jZxlXTTTzq,0,16,2022-08-03 16:57:58+00:00
173,RT @Southern_X11: 2/2 COVID will achieve Herd Immunity by removing that part of the population that is undergoing Herd Infection. Pandemics‚Ä¶,0,7,2022-08-03 16:57:58+00:00
174,RT @TOICitiesNews: Haryana sees 978 new Covid-19 cases https://t.co/kg6t6rGLqQ,0,1,2022-08-03 16:57:56+00:00
175,RT @EmmaOste: Our üåünew pubüåü looks at how the COVID-19 pandemic has affected children‚Äôs physical activity and provides recommendations for r‚Ä¶,0,5,2022-08-03 16:57:55+00:00
176,"RT @SriSri: After a thorough process of research &amp; rigorous clinical trials, along with standard of care, at multiple AIIMS &amp; other Governm‚Ä¶",0,552,2022-08-03 16:57:55+00:00
177,RT @SethAbramson: Just bookmarking this here to help ensure that we remember to blame the avarice of colleges and universities when COVID-1‚Ä¶,0,159,2022-08-03 16:57:54+00:00
178,"RT @MadiBoity: Greetings President @CyrilRamaphosa,

You deployed the army to ground South Africans in their home because of Covid-19, and‚Ä¶",0,41,2022-08-03 16:57:53+00:00
179,RT @WESCanada: Other factors beyond COVID-19 have contributed to the increase in global labour shortages. Creating policies to attract #Imm‚Ä¶,0,2,2022-08-03 16:57:53+00:00
180,"RT @TheInsiderPaper: JUST IN - Biden remains COVID-19 positive, still experiencing occasional cough, will continue strict isolation: Physic‚Ä¶",0,117,2022-08-03 16:57:52+00:00
181,"RT @FoxNews: BREAKING: Biden tests positive for COVID-19 again, will continue isolation
https://t.co/HPPKVW5y8T",0,25,2022-08-03 16:57:48+00:00
182,RT @ABC: NEW: Moderna says it's looking into the possibility of creating a new monkeypox vaccine using the same technology behind their COV‚Ä¶,0,31,2022-08-03 16:57:47+00:00
183,RT @JudicialWatch: ‚ÄúThese FDA documents confirm a politicized approval process for the controversial Covid-19 vaccine booster shots. It is‚Ä¶,0,255,2022-08-03 16:57:46+00:00
184,RT @HealthNS: Nova Scotia Health is urging people who have any COVID-19 symptoms including even one mild symptom to get tested and complete‚Ä¶,0,21,2022-08-03 16:57:45+00:00
185,RT @jeffreyatucker: CDC Collaboration With Big Tech on COVID-19 Misinformation a Threat to 1st Amendment Rights: Legal Advocacy Group https‚Ä¶,0,51,2022-08-03 16:57:44+00:00
186,"RT @SriSri: After a thorough process of research &amp; rigorous clinical trials, along with standard of care, at multiple AIIMS &amp; other Governm‚Ä¶",0,552,2022-08-03 16:57:43+00:00
187,RT @helenhainesindi: Unfortunately I have tested positive to COVID-19 this weekend and I will miss Parliament this week.üëá https://t.co/IAIU‚Ä¶,0,123,2022-08-03 16:57:40+00:00
188,RT @RandPaul: Today at 2:30PM I'll be holding an important hearing on gain-of-function research. Don't miss it! https://t.co/XUVJeS4mrk,0,773,2022-08-03 16:57:40+00:00
189,"PM Modi visited research centres, engaged with scientific community: Mansukh Mandaviya on handling COVID-19 
https://t.co/Bcyyvyvd3v

via NaMo App https://t.co/9aqzKwdahD",0,0,2022-08-03 16:57:33+00:00
190,RT @America1stLegal: üö®üîé/1 THREAD: AFL requested the HHS Inspector General investigate the CDC‚Äôs breathtaking collusion with Big Tech platfo‚Ä¶,0,13,2022-08-03 16:57:32+00:00
191,"RT @nefj94: Taiwan is a country üáπüáº
Covid 19 made in china .",0,20877,2022-08-03 16:57:32+00:00
192,RT @RandPaul: Today at 2:30PM I'll be holding an important hearing on gain-of-function research. Don't miss it! https://t.co/XUVJeS4mrk,0,773,2022-08-03 16:57:32+00:00
193,"RT @DanAlbas: In case anyone is wondering

""Starting April 1, the temp. immigration measures for entering Costa Rica‚Äìput in place due to th‚Ä¶",0,6,2022-08-03 16:57:31+00:00
194,"RT @HaveWeAllGoneM1: Major Transportation Vaccine Mandate Wasn‚Äôt Based On Science, Court Records Show

So Canadians missed important family‚Ä¶",0,49,2022-08-03 16:57:30+00:00
195,"RT @ArtofLiving: Breaking news!!

@moayush approves NAOQ19 formulation for Covid-19 mild to moderate therapy. 

@aiimsrishi
@aiims_jodhpur‚Ä¶",0,15,2022-08-03 16:57:27+00:00
196,"RT @shannshanclarke: ‚ÄúBut many Nova Scotians with physical, mental and age-related disabilities cannot simply throw away their masks and ‚Äúg‚Ä¶",0,23,2022-08-03 16:57:27+00:00
197,"North Dakota üè¥ COVID-19 current stats for Wed Aug 03 2022

Cases: 257,331
Deaths: 2,309
Recovered: 0
Active: 2,146
Tests: 618,121
Doses: 1,143,484

#covid_north_dakota
https://t.co/CbeDcqHKFT https://t.co/my7cWN7uXO",0,0,2022-08-03 16:57:26+00:00
198,"What the fuck?!?!

""Key highlights from the survey of 1,038 adults
Of those receiving a COVID-19 vaccine, 15% say they‚Äôve been diagnosed by a medical practitioner with a new condition within a matter of weeks to several months after taking the vaccine.""

https://t.co/8wL00UpDnr",1,0,2022-08-03 16:57:25+00:00
199,Today‚Äôs coronavirus news: Public health agency trying to find out how many Canadians struggling with long COVID #virus https://t.co/FMnrBFkj52,0,0,2022-08-03 16:57:24+00:00
200,COVID-19 vaccine sales push Moderna past expectations in¬†Q2 https://t.co/qEO7Wqy0MI,0,0,2022-08-03 16:57:23+00:00
201,RT @northerness: So winter mandatory masks - October until April - are actually looking like a possible permanent feature of life in German‚Ä¶,0,5,2022-08-03 16:57:23+00:00
202,RT @PolitiFact: Paxlovid has eclipsed other options to reduce life-threatening COVID-19 symptoms in high-risk patients. But some have conce‚Ä¶,0,2,2022-08-03 16:57:23+00:00
203,"RT @SriSri: After a thorough process of research &amp; rigorous clinical trials, along with standard of care, at multiple AIIMS &amp; other Governm‚Ä¶",0,552,2022-08-03 16:57:23+00:00
204,"Paxlovid loses luster in people who aren t at high risk from Covid-19, Pfizer study finds https://t.co/HWqkAhX7tp",0,0,2022-08-03 16:57:20+00:00
205,"Paxlovid loses luster in people who aren t at high risk from Covid-19, Pfizer study finds https://t.co/DjDxviJEP0",0,0,2022-08-03 16:57:19+00:00
206,"Paxlovid loses luster in people who aren t at high risk from Covid-19, Pfizer study finds https://t.co/xrK1GjUlUL",0,0,2022-08-03 16:57:19+00:00
207,"Paxlovid loses luster in people who aren t at high risk from Covid-19, Pfizer study finds https://t.co/TSDWt7oFGr",0,0,2022-08-03 16:57:19+00:00
208,"First day of school approaching for Fresno, Clovis. What to know about COVID-19 rules https://t.co/xcMX7EhwsL",0,0,2022-08-03 16:57:18+00:00
209,"RT @FoxNews: BREAKING: Biden tests positive for COVID-19 again, will continue isolation
https://t.co/HPPKVW5y8T",0,25,2022-08-03 16:57:17+00:00
210,"RT @FoxNews: BREAKING: Biden tests positive for COVID-19 again, will continue isolation
https://t.co/HPPKVW5y8T",0,25,2022-08-03 16:57:17+00:00
211,RT @POTUS: I‚Äôm on my way to Los Angeles to host the Ninth Summit of the Americas. I look forward to working with leaders from across the We‚Ä¶,0,2738,2022-08-03 16:57:16+00:00
212,"RT @killedbyproxy: üá∫üá∏ The White House and HHS just released two new reports to support patients and further research on #LongCOVID!

1. The‚Ä¶",0,2,2022-08-03 16:57:14+00:00
213,"RT @SriSri: After a thorough process of research &amp; rigorous clinical trials, along with standard of care, at multiple AIIMS &amp; other Governm‚Ä¶",0,552,2022-08-03 16:57:13+00:00
214,"RT @SriSri: After a thorough process of research &amp; rigorous clinical trials, along with standard of care, at multiple AIIMS &amp; other Governm‚Ä¶",0,552,2022-08-03 16:57:12+00:00
215,"RT @nefj94: Taiwan is a country üáπüáº
Covid 19 made in china .",0,20878,2022-08-03 16:57:11+00:00
216,RT @RandPaul: Today at 2:30PM I'll be holding an important hearing on gain-of-function research. Don't miss it! https://t.co/XUVJeS4mrk,0,773,2022-08-03 16:57:11+00:00
217,"RT @SriSri: After a thorough process of research &amp; rigorous clinical trials, along with standard of care, at multiple AIIMS &amp; other Governm‚Ä¶",0,552,2022-08-03 16:57:09+00:00
218,"RT @SriSri: After a thorough process of research &amp; rigorous clinical trials, along with standard of care, at multiple AIIMS &amp; other Governm‚Ä¶",0,552,2022-08-03 16:57:09+00:00
219,"RT @BCBSMA: Staying up to date w/recommended vaccinations is the best way to protect yourself, your family &amp; community against serious dise‚Ä¶",0,2,2022-08-03 16:57:09+00:00
220,‚ÄòA wake-up call‚Äô: Online crimes see stark increase during COVID-19 pandemic https://t.co/iHh9isiufb,0,0,2022-08-03 16:57:08+00:00
221,RT @erikarand: Introducing a project that supports the Hopi tribe. 50% of proceeds go to the Hopi community which has been deeply impacted‚Ä¶,0,545,2022-08-03 16:57:07+00:00
222,"RT @nefj94: Taiwan is a country üáπüáº
Covid 19 made in china .",0,20878,2022-08-03 16:57:07+00:00
223,"Monkeypox lacks same 'urgency' as COVID-19 for Moderna: CEO

-- News, Social Impact | The Perfect Enemy: https://t.co/FgERca3PIu.

#Coronavirus https://t.co/cBO72XoeHz",0,0,2022-08-03 16:57:05+00:00
224,"Alex Jones being questioned is wild:

- Lied about Sandy Hook
- Exchanged texts with PJW admitting to lying about COVID-19
- Lied about food bucket profit margins
- Accused the judge of being a paedophile

https://t.co/xTaQK7nS2m",12,0,2022-08-03 16:57:04+00:00
225,"Monkeypox lacks same 'urgency' as COVID-19 for Moderna: CEO

-- News, Social Impact | The Perfect Enemy: https://t.co/dQXTl4vwke.

#Coronavirus https://t.co/jUPVXUk1TC",0,0,2022-08-03 16:57:04+00:00
226,"RT @saffel_c: So. To be clear. Everyone who was against this for ‚Äúnon-scientific‚Äù reasons‚Ä¶ was right. 
#mandates 
#EndTheMandates 
#Covid_19",0,27,2022-08-03 16:57:03+00:00
227,RT @MassDPH: Children ages 6 months and older are now eligible to get vaccinated against COVID-19. Call your child‚Äôs health care provider o‚Ä¶,0,3,2022-08-03 16:57:03+00:00
228,"RT @HannahDCox: Increasingly, all facts point to the lab leak theory as the origins of COVID-19.

‚Ä¶a lab leak that very well could have ste‚Ä¶",0,308,2022-08-03 16:57:00+00:00
229,NYC frees up $100M in COVID aid for public schools to hire teachers https://t.co/m6I5oW5QR6 via @nypmetro,0,0,2022-08-03 16:57:00+00:00
230,"RT @ArtValley818_: BREAKING: Biden now suffering from ""returning"" COVID-19 symptoms, including cough",0,548,2022-08-03 16:56:59+00:00
231,RT @RetractionWatch: The Texas primate center has garnered some attention during the pandemic for taking part in tests of a COVID-19 vaccin‚Ä¶,0,2,2022-08-03 16:56:59+00:00
232,"‚ö°Ô∏èJoe Biden has tested positive for COVID-19 for the third time since the start of the week. He is suffering from a cough, but his temperature, pulse and respiration are normal, ‚Äì US President's attending physician Kevin O'Connor says. https://t.co/55FNyyNUJn",5,3,2022-08-03 16:56:56+00:00
233,"RT @FoxNews: BREAKING: Biden tests positive for COVID-19 again, will continue isolation
https://t.co/HPPKVW5y8T",0,25,2022-08-03 16:56:56+00:00
234,"RT @PtboThisWeek: As some Ontario hospitals shut down emergency rooms due to staff shortages, Peterborough Regional Health Centre is dealin‚Ä¶",0,2,2022-08-03 16:56:55+00:00
235,"RT @ArtofLiving: Breaking news!!

@moayush approves NAOQ19 formulation for Covid-19 mild to moderate therapy. 

@aiimsrishi
@aiims_jodhpur‚Ä¶",0,15,2022-08-03 16:56:55+00:00
236,"RT @America1stLegal: ‚ÄºÔ∏èBREAKING: AFL requested the HHS Inspector General investigate the CDC‚Äôs collusion with social media companies, inclu‚Ä¶",0,48,2022-08-03 16:56:55+00:00
237,"RT @FoxNews: BREAKING: Biden tests positive for COVID-19 again, will continue isolation
https://t.co/HPPKVW5y8T",0,25,2022-08-03 16:56:54+00:00
238,RT @Imperial_PCPH: Our summers newsletter is out! Featuring articles from @DrAllyah @NeenaModi1 @Azeem_Majeed @ICGPteaching and covering to‚Ä¶,0,2,2022-08-03 16:56:54+00:00
239,"RT @HaveWeAllGoneM1: Major Transportation Vaccine Mandate Wasn‚Äôt Based On Science, Court Records Show

So Canadians missed important family‚Ä¶",0,49,2022-08-03 16:56:51+00:00
240,RT @jasondebruyn: COVID-19 hospitalizations are up week over week again. This trend line is starting to look very similar to fall of last y‚Ä¶,0,5,2022-08-03 16:56:51+00:00
241,"RT @WhiteHouse: Big News: President Biden announced that tomorrow, our Administration will hit 100 million COVID-19 shots administered. 

T‚Ä¶",0,5844,2022-08-03 16:56:49+00:00
242,RT @MassDPH: Dr. Oh explains why long-term side effects from the COVID-19 vaccine are unlikely. Learn more at https://t.co/YmWVsdnuW6. http‚Ä¶,0,2,2022-08-03 16:56:43+00:00
243,"@anthonyfurey I just used it and while I can see getting rid of it for COVID-19, the pre-declaration is great but should be optional not mandatory but available for those who want to use it.",0,0,2022-08-03 16:56:43+00:00
244,"RT @nefj94: Taiwan is a country üáπüáº
Covid 19 made in china .",0,20878,2022-08-03 16:56:42+00:00
245,"RT @fibke: Within the G7, the US has the youngest population 

Yet, it tops the charts on covid-19 and excess mortality per capita 

@gregg‚Ä¶",0,33,2022-08-03 16:56:42+00:00
246,Frontiers | Fear and anxiety related to COVID-19 pandemic may predispose to perinatal depression in Italy https://t.co/i6E8Qy5FCF,0,0,2022-08-03 16:56:41+00:00
247,"RT @BareReality: ‚ÄúThe Biden Administration‚Äôs involvement in silencing the voices of those who have critiqued its responses to Covid-19, thr‚Ä¶",0,29,2022-08-03 16:56:41+00:00
248,"@cjsnowdon You also said some restrictions ""are arguably excessive even as a response to COVID-19"", and we're seeing how they've devastated other nations. It was a massive trade off and, unless we're speaking selfishly of the NHS, I'm not going to upvote lockdowns as worth it. They weren't.",0,0,2022-08-03 16:56:37+00:00
249,"RT @SriSri: After a thorough process of research &amp; rigorous clinical trials, along with standard of care, at multiple AIIMS &amp; other Governm‚Ä¶",0,552,2022-08-03 16:56:37+00:00
250,RT @FatEmperor: Germany still in it's 1930's mass formation mode - owned by Pharma/WEF:  https://t.co/GGaunC3CWh,0,35,2022-08-03 16:56:36+00:00
251,"Biden tests positive for COVID-19 again, will continue isolation https://t.co/3WWH4Bhmcv  - @politic_talks #Politics #Political",0,0,2022-08-03 16:56:35+00:00
252,"RT @Allene__Scott: @DrKateTO @RichardCityNews And then there's this...
https://t.co/FJW7rMXbYz",0,2,2022-08-03 16:56:35+00:00
253,"@DrJBhattacharya @Most_Maximus Ivermectin is the best drug ever, until it‚Äôs realised it might prevent the normalisation of Covid-19 vaccines.",0,0,2022-08-03 16:56:35+00:00
254,"RT @MassDPH: In Massachusetts, treatments like Evusheld to prevent COVID-19, and monoclonal antibody infusion to prevent severe illness, ca‚Ä¶",0,1,2022-08-03 16:56:34+00:00
255,"RT @HannahDCox: Increasingly, all facts point to the lab leak theory as the origins of COVID-19.

‚Ä¶a lab leak that very well could have ste‚Ä¶",0,308,2022-08-03 16:56:34+00:00
256,"RT @FoxNews: BREAKING: Biden tests positive for COVID-19 again, will continue isolation
https://t.co/HPPKVW5y8T",0,25,2022-08-03 16:56:33+00:00
257,"RT @nefj94: Taiwan is a country üáπüáº
Covid 19 made in china .",0,20879,2022-08-03 16:56:31+00:00
258,"RT @nefj94: Taiwan is a country üáπüáº
Covid 19 made in china .",0,20879,2022-08-03 16:56:31+00:00
259,RT @ADHPIO: Reports show that pregnant and recently pregnant women have a higher risk of more severe illness from COVID-19 than nonpregnant‚Ä¶,0,2,2022-08-03 16:56:30+00:00
260,"RT @nefj94: Taiwan is a country üáπüáº
Covid 19 made in china .",0,20879,2022-08-03 16:56:30+00:00
261,"RT @AP: Add the @carnegiemedal to @dollyparton's long list of awards. She's being honored for her generosity, including a $1 million donati‚Ä¶",0,108,2022-08-03 16:56:29+00:00
262,"1620: Bubonic Plague 
1720: Plague of Mersailles 
1820: Cholera Outbreak 
1920: Spanish Flu 
2018: Stray Khias
2020: COVID-19 Pandemic",1,0,2022-08-03 16:56:27+00:00
263,RT @RandPaul: Today at 2:30PM I'll be holding an important hearing on gain-of-function research. Don't miss it! https://t.co/XUVJeS4mrk,0,773,2022-08-03 16:56:26+00:00
264,"RT @nefj94: Taiwan is a country üáπüáº
Covid 19 made in china .",0,20879,2022-08-03 16:56:26+00:00
265,RT @thefutureismi: @TeeNaHoo1 China claims everything EXCEPT COVID-19.. üòâü§™,0,78,2022-08-03 16:56:22+00:00
266,RT @RandPaul: Today at 2:30PM I'll be holding an important hearing on gain-of-function research. Don't miss it! https://t.co/XUVJeS4mrk,0,773,2022-08-03 16:56:22+00:00
267,RT @RetractionWatch: The Texas primate center has garnered some attention during the pandemic for taking part in tests of a COVID-19 vaccin‚Ä¶,0,2,2022-08-03 16:56:22+00:00
268,Ronna is trending. Love how @GOP‚Äôs Ronna and the COVID-19 virus have the same name. ü§£ü§£ü§£,0,0,2022-08-03 16:56:22+00:00
269,@blalLucy @TeeNaHoo1 COVID-19 is from US,0,0,2022-08-03 16:56:21+00:00
